{
  "base": "/bundles/coding9kidataselector/administration/",
  "entryPoints": {
    "coding9-k-i-data-selector": {
      "css": [
        "/bundles/coding9kidataselector/administration/assets/coding9-k-i-data-selector-DcqGByvH.css"
      ],
      "dynamic": [],
      "js": [
        "/bundles/coding9kidataselector/administration/assets/coding9-k-i-data-selector-CrRcvF0C.js"
      ],
      "legacy": false,
      "preload": []
    }
  },
  "legacy": false,
  "metadatas": {},
  "version": [
    "7.1.0",
    7,
    1,
    0
  ],
  "viteServer": null
}